Workbook
Name CodigosCasos: 'Casos'!$A$2:$A$4
Name CodigosTareas: 'Tareas'!$A$2:$A$7

Sheet Guía
A1: Paso | B1: Instrucción
A2: Propósito | B2: Plantilla vacía para un piloto exploratorio con datos ficticios. No contiene tiempos observados ni resultados de mejora.
A3: 1. Confirmar la línea base | B3: Observar y describir el procedimiento manual real en Preparación. Si no lo conoces, no presentes un método inventado como situación actual. Validar las tareas con el asesor.
A4: 2. Preparar | B4: Usar los mismos datos y productos finales en ambas modalidades, casos separados y estados iniciales equivalentes. Preparar referencias en Casos.
A5: 3. Practicar | B5: Hacer una práctica por modalidad y excluirla de los resultados. No incluir login ni configuración salvo que la tarea los defina.
A6: 4. Orden | B6: Hay nueve pares planificados (3 casos x 3 tareas); no son observaciones. Se alterna el orden para reducir aprendizaje. Mantener operador, equipo y condiciones; no memorizar respuestas.
A7: 5. Cronometrar | B7: Una persona realiza la tarea y otra cronometra, si es posible. Registrar segundos de reloj desde el inicio definido hasta el fin correcto; no restar esperas ocurridas dentro del intervalo.
A8: 6. Comprobar | B8: Registrar Correcta solo si se obtuvo el resultado requerido. Error, Bloqueada y No disponible se conservan como incidencias; nunca sustituir sus tiempos por cero.
A9: 7. Completar | B9: En Mediciones, completar operador codificado, fecha, estados, segundos positivos, comparabilidad y referencias de evidencia de ambas modalidades. Los campos azules son de entrada; Q:S son fórmulas.
A10: 8. Calcular | B10: Un par válido exige: procedimiento manual y fuente completados en Preparación, combinación caso/tarea/repetición sin duplicar, orden indicado, caso y tarea de catálogo, repetición positiva, operador, fecha numérica, ambas tareas Correctas, ambos tiempos positivos, comparable Sí y dos evidencias. Resumen muestra únicamente pares válidos y reporta errores/bloqueos aparte.
A11: Fórmulas | B11: Diferencia = segundos manuales - segundos LegalTriage. Variación = diferencia / segundos manuales. Un valor negativo indica que LegalTriage tardó más. La variación por tarea se obtiene de sus medias, no de promediar porcentajes.
A12: Gemini | B12: T05/T06 pendientes mientras exista 503. Registrar el intento como Bloqueada con causa si se intenta, sin presentarlo como análisis completado. No usar tiempos de Gemini simulado como rendimiento real.
... A16: Privacidad | B16: Usar datos ficticios, códigos de operador y nombres de evidencia. No incluir contraseñas, API keys, enlaces privados ni expedientes reales.

Sheet Preparación
A1: Campo | B1: Valor por completar
A2: Procedimiento manual observado
A3: Fecha de observación y fuente
A4: Validación del asesor / versión del protocolo
A5: Responsable de las mediciones (código)
A6: Operador y capacitación (código)
A7: Equipo y navegador
A8: Versión de LegalTriage | B8: beb1690 (actualizar si cambia antes de medir)
A9: Red e incidencias conocidas
A10: Estado de Gemini al iniciar | B10: Por comprobar; se reportó HTTP 503 en la conversación. Sin mediciones de latencia registradas.
A11: Modo de correo
A12: Fecha de la práctica excluida
A13: Fecha prevista del piloto
A14: Criterio de éxito y equivalencia aprobado

Sheet Casos
A1: Código | B1: Especialidad | C1: Situación ficticia | D1: Materiales a preparar | E1: ID del caso en LegalTriage | F1: Referencia manual real | G1: Estado inicial verificado
A2: FIC-01 | B2: Penal | C2: Persona ficticia solicita orientación sobre el estado de una denuncia; sin evaluar plazos legales. | D2: PDF ficticio original + aclaración respondida + abogado disponible.
A3: FIC-02 | B3: Laboral | C3: Persona ficticia solicita orientación sobre un cese sin comunicación escrita. | D3: PDF ficticio original + aclaración respondida + abogado disponible.
A4: FIC-03 | B4: Civil | C4: Persona ficticia solicita revisión de un contrato de arrendamiento. | D4: PDF ficticio original + aclaración respondida + abogado disponible.

Sheet Tareas
A1: Código | B1: Tarea | C1: Preparación común | D1: Inicio del cronómetro | E1: Fin del cronómetro / criterio de éxito | F1: Procedimiento manual por describir | G1: Acción en LegalTriage | H1: Situación
A2: T01 | B2: Localizar y abrir el documento original | C2: Caso registrado en ambas modalidades; identificar el mismo PDF original; comenzar en la vista/lista de casos acordada. | D2: El observador entrega el código del caso y la orden de abrir su original. | E2: El PDF correcto queda abierto y se confirma el código del caso. | F2: Documentar la búsqueda real en el medio que usa el estudio. | G2: Buscar caso → documentos → descargar/abrir original. | H2: Se puede preparar sin Gemini; validar línea base.
A3: T02 | B3: Asignar un caso previamente clasificado | C3: Caso sin responsable, categoría revisada y misma lista de abogados disponibles/cargas en ambas modalidades; regla de selección acordada. | D3: Se entrega el caso, su categoría y la orden de asignarlo. | E3: Se guarda el responsable que cumple la regla acordada y se verifica. | F3: Documentar cómo el estudio elige y registra actualmente al responsable. | G3: Asignar automáticamente al caso preparado; verificar responsable. | H3: Sin Gemini si el caso ya está registrado y revisado.
A4: T03 | B4: Localizar una aclaración ya recibida | C4: Misma pregunta y respuesta ficticia guardadas y accesibles antes de comenzar; no incluir espera de contestación. | D4: Se entrega el código del caso y se pide localizar la respuesta especificada. | E4: La respuesta correcta queda visible y se confirma a qué solicitud/caso pertenece. | F4: Documentar cómo se localiza actualmente una respuesta recibida. | G4: Abrir caso → Aclaraciones → respuesta registrada. | H4: Sin Gemini; solo consulta de una respuesta existente.
A5: T04 | B5: Consultar una versión anterior | C5: Dos revisiones distinguibles previamente guardadas en ambas modalidades; verificar que el método manual sí conserva versiones. | D5: Se pide mostrar una revisión anterior identificada, partiendo del listado de casos. | E5: Se muestra el texto solicitado y se acredita que no es la revisión vigente. | F5: Si no conserva versiones, marcar No disponible y No comparable. | G5: Historial del caso → versión guardada de la revisión solicitada. | H5: Opcional: requiere equivalencia real, no se planifica por defecto.
A6: T05 | B6: Registrar y clasificar una consulta nueva | C6: Mismo caso nuevo, datos preparados y resultado requerido; Gemini real disponible. Fijar alcance y evaluación de categoría antes de medir. | D6: Se ordena registrar y clasificar la consulta, con los datos disponibles. | E6: Consulta guardada y categoría revisada por una persona competente. | F6: Describir registro y clasificación actuales; validar equivalencia antes de medir. | G6: Formulario público + Gemini real + revisión del equipo. | H6: PENDIENTE por error 503 reportado. No usar un mock.
A7: T06 | B7: Obtener y verificar un análisis documental | C7: Mismo PDF y contenido mínimo exigido: resumen y hallazgos acreditados. Revisión profesional en ambas modalidades. | D7: Se ordena iniciar la revisión documental con el archivo disponible. | E7: Resultado requerido completado y verificado; incluye tiempo humano y espera dentro del intervalo. | F7: Documentar cómo se realiza y verifica actualmente el resumen del documento. | G7: Analizar con Gemini real + revisión humana del resultado. | H7: PENDIENTE por error 503. No concluir calidad jurídica solo por velocidad.

Sheet Mediciones
A1: ID del par | B1: Caso | C1: Tarea | D1: Repetición | E1: Orden | F1: Operador (código) | G1: Fecha y hora | H1: Resultado manual | I1: Segundos manual | J1: Resultado LegalTriage | K1: Segundos LegalTriage | L1: ¿Comparable? | M1: Motivo no comparable | N1: Incidencias / espera / reintentos | O1: Evidencia manual | P1: Evidencia LegalTriage | Q1: Diferencia (s) | R1: Variación de tiempo (%) | S1: Par válido (automático)
A2: P-01 | B2: FIC-01 | C2: T01 | D2: 1 | E2: Manual → LegalTriage | H2: Pendiente | J2: Pendiente | L2: Pendiente | Q2: =IF(S2="Sí",I2-K2,"") | R2: =IF(S2="Sí",Q2/I2,"") | S2: =IF(AND('Preparación'!$B$2<>"",'Preparación'!$B$3<>"",COUNTIF(CodigosCasos,B2)=1,COUNTIF(CodigosTareas,C2)=1,COUNTIFS($B$2:$B$201,B2,$C$2:$C$201,C2,$D$2:$D$201,D2)=1,ISNUMBER(D2),D2>0,INT(D2)=D2,D2<=100,OR(E2="Manual → LegalTriage",E2="LegalTriage → Manual"),F2<>"",ISNUMBER(G2),G2>0,H2="Correcta",J2="Correcta",L2="Sí",ISNUMBER(I2),ISNUMBER(K2),I2>0,K2>0,O2<>"",P2<>""),"Sí","")
A3: P-02 | B3: FIC-01 | C3: T02 | D3: 1 | E3: LegalTriage → Manual | H3: Pendiente | J3: Pendiente | L3: Pendiente | Q3: =IF(S3="Sí",I3-K3,"") | R3: =IF(S3="Sí",Q3/I3,"") | S3: =IF(AND('Preparación'!$B$2<>"",'Preparación'!$B$3<>"",COUNTIF(CodigosCasos,B3)=1,COUNTIF(CodigosTareas,C3)=1,COUNTIFS($B$2:$B$201,B3,$C$2:$C$201,C3,$D$2:$D$201,D3)=1,ISNUMBER(D3),D3>0,INT(D3)=D3,D3<=100,OR(E3="Manual → LegalTriage",E3="LegalTriage → Manual"),F3<>"",ISNUMBER(G3),G3>0,H3="Correcta",J3="Correcta",L3="Sí",ISNUMBER(I3),ISNUMBER(K3),I3>0,K3>0,O3<>"",P3<>""),"Sí","")
A4: P-03 | B4: FIC-01 | C4: T03 | D4: 1 | E4: Manual → LegalTriage | H4: Pendiente | J4: Pendiente | L4: Pendiente | Q4: =IF(S4="Sí",I4-K4,"") | R4: =IF(S4="Sí",Q4/I4,"") | S4: =IF(AND('Preparación'!$B$2<>"",'Preparación'!$B$3<>"",COUNTIF(CodigosCasos,B4)=1,COUNTIF(CodigosTareas,C4)=1,COUNTIFS($B$2:$B$201,B4,$C$2:$C$201,C4,$D$2:$D$201,D4)=1,ISNUMBER(D4),D4>0,INT(D4)=D4,D4<=100,OR(E4="Manual → LegalTriage",E4="LegalTriage → Manual"),F4<>"",ISNUMBER(G4),G4>0,H4="Correcta",J4="Correcta",L4="Sí",ISNUMBER(I4),ISNUMBER(K4),I4>0,K4>0,O4<>"",P4<>""),"Sí","")
A5: P-04 | B5: FIC-02 | C5: T01 | D5: 1 | E5: LegalTriage → Manual | H5: Pendiente | J5: Pendiente | L5: Pendiente | Q5: =IF(S5="Sí",I5-K5,"") | R5: =IF(S5="Sí",Q5/I5,"") | S5: =IF(AND('Preparación'!$B$2<>"",'Preparación'!$B$3<>"",COUNTIF(CodigosCasos,B5)=1,COUNTIF(CodigosTareas,C5)=1,COUNTIFS($B$2:$B$201,B5,$C$2:$C$201,C5,$D$2:$D$201,D5)=1,ISNUMBER(D5),D5>0,INT(D5)=D5,D5<=100,OR(E5="Manual → LegalTriage",E5="LegalTriage → Manual"),F5<>"",ISNUMBER(G5),G5>0,H5="Correcta",J5="Correcta",L5="Sí",ISNUMBER(I5),ISNUMBER(K5),I5>0,K5>0,O5<>"",P5<>""),"Sí","")
A6: P-05 | B6: FIC-02 | C6: T02 | D6: 1 | E6: Manual → LegalTriage | H6: Pendiente | J6: Pendiente | L6: Pendiente | Q6: =IF(S6="Sí",I6-K6,"") | R6: =IF(S6="Sí",Q6/I6,"") | S6: =IF(AND('Preparación'!$B$2<>"",'Preparación'!$B$3<>"",COUNTIF(CodigosCasos,B6)=1,COUNTIF(CodigosTareas,C6)=1,COUNTIFS($B$2:$B$201,B6,$C$2:$C$201,C6,$D$2:$D$201,D6)=1,ISNUMBER(D6),D6>0,INT(D6)=D6,D6<=100,OR(E6="Manual → LegalTriage",E6="LegalTriage → Manual"),F6<>"",ISNUMBER(G6),G6>0,H6="Correcta",J6="Correcta",L6="Sí",ISNUMBER(I6),ISNUMBER(K6),I6>0,K6>0,O6<>"",P6<>""),"Sí","")
A7: P-06 | B7: FIC-02 | C7: T03 | D7: 1 | E7: LegalTriage → Manual | H7: Pendiente | J7: Pendiente | L7: Pendiente | Q7: =IF(S7="Sí",I7-K7,"") | R7: =IF(S7="Sí",Q7/I7,"") | S7: =IF(AND('Preparación'!$B$2<>"",'Preparación'!$B$3<>"",COUNTIF(CodigosCasos,B7)=1,COUNTIF(CodigosTareas,C7)=1,COUNTIFS($B$2:$B$201,B7,$C$2:$C$201,C7,$D$2:$D$201,D7)=1,ISNUMBER(D7),D7>0,INT(D7)=D7,D7<=100,OR(E7="Manual → LegalTriage",E7="LegalTriage → Manual"),F7<>"",ISNUMBER(G7),G7>0,H7="Correcta",J7="Correcta",L7="Sí",ISNUMBER(I7),ISNUMBER(K7),I7>0,K7>0,O7<>"",P7<>""),"Sí","")
A8: P-07 | B8: FIC-03 | C8: T01 | D8: 1 | E8: Manual → LegalTriage | H8: Pendiente | J8: Pendiente | L8: Pendiente | Q8: =IF(S8="Sí",I8-K8,"") | R8: =IF(S8="Sí",Q8/I8,"") | S8: =IF(AND('Preparación'!$B$2<>"",'Preparación'!$B$3<>"",COUNTIF(CodigosCasos,B8)=1,COUNTIF(CodigosTareas,C8)=1,COUNTIFS($B$2:$B$201,B8,$C$2:$C$201,C8,$D$2:$D$201,D8)=1,ISNUMBER(D8),D8>0,INT(D8)=D8,D8<=100,OR(E8="Manual → LegalTriage",E8="LegalTriage → Manual"),F8<>"",ISNUMBER(G8),G8>0,H8="Correcta",J8="Correcta",L8="Sí",ISNUMBER(I8),ISNUMBER(K8),I8>0,K8>0,O8<>"",P8<>""),"Sí","")
A9: P-08 | B9: FIC-03 | C9: T02 | D9: 1 | E9: LegalTriage → Manual | H9: Pendiente | J9: Pendiente | L9: Pendiente | Q9: =IF(S9="Sí",I9-K9,"") | R9: =IF(S9="Sí",Q9/I9,"") | S9: =IF(AND('Preparación'!$B$2<>"",'Preparación'!$B$3<>"",COUNTIF(CodigosCasos,B9)=1,COUNTIF(CodigosTareas,C9)=1,COUNTIFS($B$2:$B$201,B9,$C$2:$C$201,C9,$D$2:$D$201,D9)=1,ISNUMBER(D9),D9>0,INT(D9)=D9,D9<=100,OR(E9="Manual → LegalTriage",E9="LegalTriage → Manual"),F9<>"",ISNUMBER(G9),G9>0,H9="Correcta",J9="Correcta",L9="Sí",ISNUMBER(I9),ISNUMBER(K9),I9>0,K9>0,O9<>"",P9<>""),"Sí","")
A10: P-09 | B10: FIC-03 | C10: T03 | D10: 1 | E10: Manual → LegalTriage | H10: Pendiente | J10: Pendiente | L10: Pendiente | Q10: =IF(S10="Sí",I10-K10,"") | R10: =IF(S10="Sí",Q10/I10,"") | S10: =IF(AND('Preparación'!$B$2<>"",'Preparación'!$B$3<>"",COUNTIF(CodigosCasos,B10)=1,COUNTIF(CodigosTareas,C10)=1,COUNTIFS($B$2:$B$201,B10,$C$2:$C$201,C10,$D$2:$D$201,D10)=1,ISNUMBER(D10),D10>0,INT(D10)=D10,D10<=100,OR(E10="Manual → LegalTriage",E10="LegalTriage → Manual"),F10<>"",ISNUMBER(G10),G10>0,H10="Correcta",J10="Correcta",L10="Sí",ISNUMBER(I10),ISNUMBER(K10),I10>0,K10>0,O10<>"",P10<>""),"Sí","")
Q11: =IF(S11="Sí",I11-K11,"") | R11: =IF(S11="Sí",Q11/I11,"") | S11: =IF(AND('Preparación'!$B$2<>"",'Preparación'!$B$3<>"",COUNTIF(CodigosCasos,B11)=1,COUNTIF(CodigosTareas,C11)=1,COUNTIFS($B$2:$B$201,B11,$C$2:$C$201,C11,$D$2:$D$201,D11)=1,ISNUMBER(D11),D11>0,INT(D11)=D11,D11<=100,OR(E11="Manual → LegalTriage",E11="LegalTriage → Manual"),F11<>"",ISNUMBER(G11),G11>0,H11="Correcta",J11="Correcta",L11="Sí",ISNUMBER(I11),ISNUMBER(K11),I11>0,K11>0,O11<>"",P11<>""),"Sí","")
Q12: =IF(S12="Sí",I12-K12,"") | R12: =IF(S12="Sí",Q12/I12,"") | S12: =IF(AND('Preparación'!$B$2<>"",'Preparación'!$B$3<>"",COUNTIF(CodigosCasos,B12)=1,COUNTIF(CodigosTareas,C12)=1,COUNTIFS($B$2:$B$201,B12,$C$2:$C$201,C12,$D$2:$D$201,D12)=1,ISNUMBER(D12),D12>0,INT(D12)=D12,D12<=100,OR(E12="Manual → LegalTriage",E12="LegalTriage → Manual"),F12<>"",ISNUMBER(G12),G12>0,H12="Correcta",J12="Correcta",L12="Sí",ISNUMBER(I12),ISNUMBER(K12),I12>0,K12>0,O12<>"",P12<>""),"Sí","")
Q13: =IF(S13="Sí",I13-K13,"") | R13: =IF(S13="Sí",Q13/I13,"") | S13: =IF(AND('Preparación'!$B$2<>"",'Preparación'!$B$3<>"",COUNTIF(CodigosCasos,B13)=1,COUNTIF(CodigosTareas,C13)=1,COUNTIFS($B$2:$B$201,B13,$C$2:$C$201,C13,$D$2:$D$201,D13)=1,ISNUMBER(D13),D13>0,INT(D13)=D13,D13<=100,OR(E13="Manual → LegalTriage",E13="LegalTriage → Manual"),F13<>"",ISNUMBER(G13),G13>0,H13="Correcta",J13="Correcta",L13="Sí",ISNUMBER(I13),ISNUMBER(K13),I13>0,K13>0,O13<>"",P13<>""),"Sí","")
Q14: =IF(S14="Sí",I14-K14,"") | R14: =IF(S14="Sí",Q14/I14,"") | S14: =IF(AND('Preparación'!$B$2<>"",'Preparación'!$B$3<>"",COUNTIF(CodigosCasos,B14)=1,COUNTIF(CodigosTareas,C14)=1,COUNTIFS($B$2:$B$201,B14,$C$2:$C$201,C14,$D$2:$D$201,D14)=1,ISNUMBER(D14),D14>0,INT(D14)=D14,D14<=100,OR(E14="Manual → LegalTriage",E14="LegalTriage → Manual"),F14<>"",ISNUMBER(G14),G14>0,H14="Correcta",J14="Correcta",L14="Sí",ISNUMBER(I14),ISNUMBER(K14),I14>0,K14>0,O14<>"",P14<>""),"Sí","")
Q15: =IF(S15="Sí",I15-K15,"") | R15: =IF(S15="Sí",Q15/I15,"") | S15: =IF(AND('Preparación'!$B$2<>"",'Preparación'!$B$3<>"",COUNTIF(CodigosCasos,B15)=1,COUNTIF(CodigosTareas,C15)=1,COUNTIFS($B$2:$B$201,B15,$C$2:$C$201,C15,$D$2:$D$201,D15)=1,ISNUMBER(D15),D15>0,INT(D15)=D15,D15<=100,OR(E15="Manual → LegalTriage",E15="LegalTriage → Manual"),F15<>"",ISNUMBER(G15),G15>0,H15="Correcta",J15="Correcta",L15="Sí",ISNUMBER(I15),ISNUMBER(K15),I15>0,K15>0,O15<>"",P15<>""),"Sí","")
Q16: =IF(S16="Sí",I16-K16,"") | R16: =IF(S16="Sí",Q16/I16,"") | S16: =IF(AND('Preparación'!$B$2<>"",'Preparación'!$B$3<>"",COUNTIF(CodigosCasos,B16)=1,COUNTIF(CodigosTareas,C16)=1,COUNTIFS($B$2:$B$201,B16,$C$2:$C$201,C16,$D$2:$D$201,D16)=1,ISNUMBER(D16),D16>0,INT(D16)=D16,D16<=100,OR(E16="Manual → LegalTriage",E16="LegalTriage → Manual"),F16<>"",ISNUMBER(G16),G16>0,H16="Correcta",J16="Correcta",L16="Sí",ISNUMBER(I16),ISNUMBER(K16),I16>0,K16>0,O16<>"",P16<>""),"Sí","")
Q17: =IF(S17="Sí",I17-K17,"") | R17: =IF(S17="Sí",Q17/I17,"") | S17: =IF(AND('Preparación'!$B$2<>"",'Preparación'!$B$3<>"",COUNTIF(CodigosCasos,B17)=1,COUNTIF(CodigosTareas,C17)=1,COUNTIFS($B$2:$B$201,B17,$C$2:$C$201,C17,$D$2:$D$201,D17)=1,ISNUMBER(D17),D17>0,INT(D17)=D17,D17<=100,OR(E17="Manual → LegalTriage",E17="LegalTriage → Manual"),F17<>"",ISNUMBER(G17),G17>0,H17="Correcta",J17="Correcta",L17="Sí",ISNUMBER(I17),ISNUMBER(K17),I17>0,K17>0,O17<>"",P17<>""),"Sí","")
Q18: =IF(S18="Sí",I18-K18,"") | R18: =IF(S18="Sí",Q18/I18,"") | S18: =IF(AND('Preparación'!$B$2<>"",'Preparación'!$B$3<>"",COUNTIF(CodigosCasos,B18)=1,COUNTIF(CodigosTareas,C18)=1,COUNTIFS($B$2:$B$201,B18,$C$2:$C$201,C18,$D$2:$D$201,D18)=1,ISNUMBER(D18),D18>0,INT(D18)=D18,D18<=100,OR(E18="Manual → LegalTriage",E18="LegalTriage → Manual"),F18<>"",ISNUMBER(G18),G18>0,H18="Correcta",J18="Correcta",L18="Sí",ISNUMBER(I18),ISNUMBER(K18),I18>0,K18>0,O18<>"",P18<>""),"Sí","")
Q19: =IF(S19="Sí",I19-K19,"") | R19: =IF(S19="Sí",Q19/I19,"") | S19: =IF(AND('Preparación'!$B$2<>"",'Preparación'!$B$3<>"",COUNTIF(CodigosCasos,B19)=1,COUNTIF(CodigosTareas,C19)=1,COUNTIFS($B$2:$B$201,B19,$C$2:$C$201,C19,$D$2:$D$201,D19)=1,ISNUMBER(D19),D19>0,INT(D19)=D19,D19<=100,OR(E19="Manual → LegalTriage",E19="LegalTriage → Manual"),F19<>"",ISNUMBER(G19),G19>0,H19="Correcta",J19="Correcta",L19="Sí",ISNUMBER(I19),ISNUMBER(K19),I19>0,K19>0,O19<>"",P19<>""),"Sí","")
Q20: =IF(S20="Sí",I20-K20,"") | R20: =IF(S20="Sí",Q20/I20,"") | S20: =IF(AND('Preparación'!$B$2<>"",'Preparación'!$B$3<>"",COUNTIF(CodigosCasos,B20)=1,COUNTIF(CodigosTareas,C20)=1,COUNTIFS($B$2:$B$201,B20,$C$2:$C$201,C20,$D$2:$D$201,D20)=1,ISNUMBER(D20),D20>0,INT(D20)=D20,D20<=100,OR(E20="Manual → LegalTriage",E20="LegalTriage → Manual"),F20<>"",ISNUMBER(G20),G20>0,H20="Correcta",J20="Correcta",L20="Sí",ISNUMBER(I20),ISNUMBER(K20),I20>0,K20>0,O20<>"",P20<>""),"Sí","")
Q21: =IF(S21="Sí",I21-K21,"") | R21: =IF(S21="Sí",Q21/I21,"") | S21: =IF(AND('Preparación'!$B$2<>"",'Preparación'!$B$3<>"",COUNTIF(CodigosCasos,B21)=1,COUNTIF(CodigosTareas,C21)=1,COUNTIFS($B$2:$B$201,B21,$C$2:$C$201,C21,$D$2:$D$201,D21)=1,ISNUMBER(D21),D21>0,INT(D21)=D21,D21<=100,OR(E21="Manual → LegalTriage",E21="LegalTriage → Manual"),F21<>"",ISNUMBER(G21),G21>0,H21="Correcta",J21="Correcta",L21="Sí",ISNUMBER(I21),ISNUMBER(K21),I21>0,K21>0,O21<>"",P21<>""),"Sí","")
Q22: =IF(S22="Sí",I22-K22,"") | R22: =IF(S22="Sí",Q22/I22,"") | S22: =IF(AND('Preparación'!$B$2<>"",'Preparación'!$B$3<>"",COUNTIF(CodigosCasos,B22)=1,COUNTIF(CodigosTareas,C22)=1,COUNTIFS($B$2:$B$201,B22,$C$2:$C$201,C22,$D$2:$D$201,D22)=1,ISNUMBER(D22),D22>0,INT(D22)=D22,D22<=100,OR(E22="Manual → LegalTriage",E22="LegalTriage → Manual"),F22<>"",ISNUMBER(G22),G22>0,H22="Correcta",J22="Correcta",L22="Sí",ISNUMBER(I22),ISNUMBER(K22),I22>0,K22>0,O22<>"",P22<>""),"Sí","")
... Q201: =IF(S201="Sí",I201-K201,"") | R201: =IF(S201="Sí",Q201/I201,"") | S201: =IF(AND('Preparación'!$B$2<>"",'Preparación'!$B$3<>"",COUNTIF(CodigosCasos,B201)=1,COUNTIF(CodigosTareas,C201)=1,COUNTIFS($B$2:$B$201,B201,$C$2:$C$201,C201,$D$2:$D$201,D201)=1,ISNUMBER(D201),D201>0,INT(D201)=D201,D201<=100,OR(E201="Manual → LegalTriage",E201="LegalTriage → Manual"),F201<>"",ISNUMBER(G201),G201>0,H201="Correcta",J201="Correcta",L201="Sí",ISNUMBER(I201),ISNUMBER(K201),I201>0,K201>0,O201<>"",P201<>""),"Sí","")

Sheet Resumen
A1: Tarea | B1: Descripción | C1: Pares válidos | D1: Media manual (s) | E1: Media LegalTriage (s) | F1: Diferencia media (s) | G1: Variación de tiempo (%) | H1: Errores manual | I1: Errores LegalTriage | J1: Bloqueos manual | K1: Bloqueos LegalTriage | L1: No disponible manual | M1: No disponible LegalTriage
A2: T01 | B2: Localizar y abrir el documento original | C2: =COUNTIFS(Mediciones!$C$2:$C$201,A2,Mediciones!$S$2:$S$201,"Sí") | D2: =IF(C2=0,"",SUMIFS(Mediciones!$I$2:$I$201,Mediciones!$C$2:$C$201,A2,Mediciones!$S$2:$S$201,"Sí")/C2) | E2: =IF(C2=0,"",SUMIFS(Mediciones!$K$2:$K$201,Mediciones!$C$2:$C$201,A2,Mediciones!$S$2:$S$201,"Sí")/C2) | F2: =IF(C2=0,"",SUMIFS(Mediciones!$Q$2:$Q$201,Mediciones!$C$2:$C$201,A2,Mediciones!$S$2:$S$201,"Sí")/C2) | G2: =IF(C2=0,"",(D2-E2)/D2) | H2: =COUNTIFS(Mediciones!$C$2:$C$201,A2,Mediciones!$H$2:$H$201,"Error") | I2: =COUNTIFS(Mediciones!$C$2:$C$201,A2,Mediciones!$J$2:$J$201,"Error") | J2: =COUNTIFS(Mediciones!$C$2:$C$201,A2,Mediciones!$H$2:$H$201,"Bloqueada") | K2: =COUNTIFS(Mediciones!$C$2:$C$201,A2,Mediciones!$J$2:$J$201,"Bloqueada") | L2: =COUNTIFS(Mediciones!$C$2:$C$201,A2,Mediciones!$H$2:$H$201,"No disponible") | M2: =COUNTIFS(Mediciones!$C$2:$C$201,A2,Mediciones!$J$2:$J$201,"No disponible")
A3: T02 | B3: Asignar un caso previamente clasificado | C3: =COUNTIFS(Mediciones!$C$2:$C$201,A3,Mediciones!$S$2:$S$201,"Sí") | D3: =IF(C3=0,"",SUMIFS(Mediciones!$I$2:$I$201,Mediciones!$C$2:$C$201,A3,Mediciones!$S$2:$S$201,"Sí")/C3) | E3: =IF(C3=0,"",SUMIFS(Mediciones!$K$2:$K$201,Mediciones!$C$2:$C$201,A3,Mediciones!$S$2:$S$201,"Sí")/C3) | F3: =IF(C3=0,"",SUMIFS(Mediciones!$Q$2:$Q$201,Mediciones!$C$2:$C$201,A3,Mediciones!$S$2:$S$201,"Sí")/C3) | G3: =IF(C3=0,"",(D3-E3)/D3) | H3: =COUNTIFS(Mediciones!$C$2:$C$201,A3,Mediciones!$H$2:$H$201,"Error") | I3: =COUNTIFS(Mediciones!$C$2:$C$201,A3,Mediciones!$J$2:$J$201,"Error") | J3: =COUNTIFS(Mediciones!$C$2:$C$201,A3,Mediciones!$H$2:$H$201,"Bloqueada") | K3: =COUNTIFS(Mediciones!$C$2:$C$201,A3,Mediciones!$J$2:$J$201,"Bloqueada") | L3: =COUNTIFS(Mediciones!$C$2:$C$201,A3,Mediciones!$H$2:$H$201,"No disponible") | M3: =COUNTIFS(Mediciones!$C$2:$C$201,A3,Mediciones!$J$2:$J$201,"No disponible")
A4: T03 | B4: Localizar una aclaración ya recibida | C4: =COUNTIFS(Mediciones!$C$2:$C$201,A4,Mediciones!$S$2:$S$201,"Sí") | D4: =IF(C4=0,"",SUMIFS(Mediciones!$I$2:$I$201,Mediciones!$C$2:$C$201,A4,Mediciones!$S$2:$S$201,"Sí")/C4) | E4: =IF(C4=0,"",SUMIFS(Mediciones!$K$2:$K$201,Mediciones!$C$2:$C$201,A4,Mediciones!$S$2:$S$201,"Sí")/C4) | F4: =IF(C4=0,"",SUMIFS(Mediciones!$Q$2:$Q$201,Mediciones!$C$2:$C$201,A4,Mediciones!$S$2:$S$201,"Sí")/C4) | G4: =IF(C4=0,"",(D4-E4)/D4) | H4: =COUNTIFS(Mediciones!$C$2:$C$201,A4,Mediciones!$H$2:$H$201,"Error") | I4: =COUNTIFS(Mediciones!$C$2:$C$201,A4,Mediciones!$J$2:$J$201,"Error") | J4: =COUNTIFS(Mediciones!$C$2:$C$201,A4,Mediciones!$H$2:$H$201,"Bloqueada") | K4: =COUNTIFS(Mediciones!$C$2:$C$201,A4,Mediciones!$J$2:$J$201,"Bloqueada") | L4: =COUNTIFS(Mediciones!$C$2:$C$201,A4,Mediciones!$H$2:$H$201,"No disponible") | M4: =COUNTIFS(Mediciones!$C$2:$C$201,A4,Mediciones!$J$2:$J$201,"No disponible")
A5: T04 | B5: Consultar una versión anterior | C5: =COUNTIFS(Mediciones!$C$2:$C$201,A5,Mediciones!$S$2:$S$201,"Sí") | D5: =IF(C5=0,"",SUMIFS(Mediciones!$I$2:$I$201,Mediciones!$C$2:$C$201,A5,Mediciones!$S$2:$S$201,"Sí")/C5) | E5: =IF(C5=0,"",SUMIFS(Mediciones!$K$2:$K$201,Mediciones!$C$2:$C$201,A5,Mediciones!$S$2:$S$201,"Sí")/C5) | F5: =IF(C5=0,"",SUMIFS(Mediciones!$Q$2:$Q$201,Mediciones!$C$2:$C$201,A5,Mediciones!$S$2:$S$201,"Sí")/C5) | G5: =IF(C5=0,"",(D5-E5)/D5) | H5: =COUNTIFS(Mediciones!$C$2:$C$201,A5,Mediciones!$H$2:$H$201,"Error") | I5: =COUNTIFS(Mediciones!$C$2:$C$201,A5,Mediciones!$J$2:$J$201,"Error") | J5: =COUNTIFS(Mediciones!$C$2:$C$201,A5,Mediciones!$H$2:$H$201,"Bloqueada") | K5: =COUNTIFS(Mediciones!$C$2:$C$201,A5,Mediciones!$J$2:$J$201,"Bloqueada") | L5: =COUNTIFS(Mediciones!$C$2:$C$201,A5,Mediciones!$H$2:$H$201,"No disponible") | M5: =COUNTIFS(Mediciones!$C$2:$C$201,A5,Mediciones!$J$2:$J$201,"No disponible")
A6: T05 | B6: Registrar y clasificar una consulta nueva | C6: =COUNTIFS(Mediciones!$C$2:$C$201,A6,Mediciones!$S$2:$S$201,"Sí") | D6: =IF(C6=0,"",SUMIFS(Mediciones!$I$2:$I$201,Mediciones!$C$2:$C$201,A6,Mediciones!$S$2:$S$201,"Sí")/C6) | E6: =IF(C6=0,"",SUMIFS(Mediciones!$K$2:$K$201,Mediciones!$C$2:$C$201,A6,Mediciones!$S$2:$S$201,"Sí")/C6) | F6: =IF(C6=0,"",SUMIFS(Mediciones!$Q$2:$Q$201,Mediciones!$C$2:$C$201,A6,Mediciones!$S$2:$S$201,"Sí")/C6) | G6: =IF(C6=0,"",(D6-E6)/D6) | H6: =COUNTIFS(Mediciones!$C$2:$C$201,A6,Mediciones!$H$2:$H$201,"Error") | I6: =COUNTIFS(Mediciones!$C$2:$C$201,A6,Mediciones!$J$2:$J$201,"Error") | J6: =COUNTIFS(Mediciones!$C$2:$C$201,A6,Mediciones!$H$2:$H$201,"Bloqueada") | K6: =COUNTIFS(Mediciones!$C$2:$C$201,A6,Mediciones!$J$2:$J$201,"Bloqueada") | L6: =COUNTIFS(Mediciones!$C$2:$C$201,A6,Mediciones!$H$2:$H$201,"No disponible") | M6: =COUNTIFS(Mediciones!$C$2:$C$201,A6,Mediciones!$J$2:$J$201,"No disponible")
A7: T06 | B7: Obtener y verificar un análisis documental | C7: =COUNTIFS(Mediciones!$C$2:$C$201,A7,Mediciones!$S$2:$S$201,"Sí") | D7: =IF(C7=0,"",SUMIFS(Mediciones!$I$2:$I$201,Mediciones!$C$2:$C$201,A7,Mediciones!$S$2:$S$201,"Sí")/C7) | E7: =IF(C7=0,"",SUMIFS(Mediciones!$K$2:$K$201,Mediciones!$C$2:$C$201,A7,Mediciones!$S$2:$S$201,"Sí")/C7) | F7: =IF(C7=0,"",SUMIFS(Mediciones!$Q$2:$Q$201,Mediciones!$C$2:$C$201,A7,Mediciones!$S$2:$S$201,"Sí")/C7) | G7: =IF(C7=0,"",(D7-E7)/D7) | H7: =COUNTIFS(Mediciones!$C$2:$C$201,A7,Mediciones!$H$2:$H$201,"Error") | I7: =COUNTIFS(Mediciones!$C$2:$C$201,A7,Mediciones!$J$2:$J$201,"Error") | J7: =COUNTIFS(Mediciones!$C$2:$C$201,A7,Mediciones!$H$2:$H$201,"Bloqueada") | K7: =COUNTIFS(Mediciones!$C$2:$C$201,A7,Mediciones!$J$2:$J$201,"Bloqueada") | L7: =COUNTIFS(Mediciones!$C$2:$C$201,A7,Mediciones!$H$2:$H$201,"No disponible") | M7: =COUNTIFS(Mediciones!$C$2:$C$201,A7,Mediciones!$J$2:$J$201,"No disponible")
